model,accuracy,precision,recall,f1,average_precision_pr
IoT Only,0.8,0.8888888888888888,0.42105263157894735,0.5714285714285714,0.8676525136912947
LLM Only,0.9666666666666667,1.0,0.8947368421052632,0.9444444444444444,0.9298245614035088
IoT + LLM,0.9166666666666666,1.0,0.7368421052631579,0.8484848484848485,0.9495951417004047
IoT + LLM + Acceptance,0.8833333333333333,0.9285714285714286,0.6842105263157895,0.7878787878787878,
