model,accuracy,precision,recall,f1,average_precision_pr
IoT Only,0.8833333333333333,0.0,0.0,0.0,0.07692307692307693
LLM Only,0.016666666666666666,0.016666666666666666,1.0,0.03278688524590164,0.07142857142857142
IoT + LLM,0.9833333333333333,0.5,1.0,0.6666666666666666,0.5
IoT + LLM + Acceptance,0.9333333333333333,0.2,1.0,0.3333333333333333,
