model,accuracy,precision,recall,f1,average_precision_pr
IoT Only,0.9,0.0,0.0,0.0,0.06666666666666667
LLM Only,0.03333333333333333,0.03333333333333333,1.0,0.06451612903225806,0.11764705882352941
IoT + LLM,0.8,0.0,0.0,0.0,0.06428571428571428
IoT + LLM + Acceptance,0.8833333333333333,0.0,0.0,0.0,
