model,accuracy,precision,recall,f1,average_precision_pr
IoT Only,0.8,0.8888888888888888,0.42105263157894735,0.5714285714285714,0.8676525136912947
LLM Only,0.6666666666666666,0.48148148148148145,0.6842105263157895,0.5652173913043478,0.6255931590991207
IoT + LLM,0.8833333333333333,0.8333333333333334,0.7894736842105263,0.8108108108108109,0.8622932476879843
IoT + LLM + Acceptance,0.8666666666666667,0.8666666666666667,0.6842105263157895,0.7647058823529411,
