{
  "backend": "ollama",
  "require_real_llm": false,
  "seed": 1,
  "n_total": 200,
  "n_train": 140,
  "n_test": 60,
  "baseline_threshold": 0.54,
  "llm_only_threshold": 0.5,
  "fused_threshold": 0.6100000000000001,
  "metrics": {
    "baseline": {
      "accuracy": 0.8,
      "precision": 0.8888888888888888,
      "recall": 0.42105263157894735,
      "f1": 0.5714285714285714
    },
    "llm_only": {
      "accuracy": 0.6666666666666666,
      "precision": 0.48148148148148145,
      "recall": 0.6842105263157895,
      "f1": 0.5652173913043478
    },
    "fused": {
      "accuracy": 0.8833333333333333,
      "precision": 0.8333333333333334,
      "recall": 0.7894736842105263,
      "f1": 0.8108108108108109
    },
    "fused_with_acceptance": {
      "accuracy": 0.8666666666666667,
      "precision": 0.8666666666666667,
      "recall": 0.6842105263157895,
      "f1": 0.7647058823529411
    }
  },
  "confusion": {
    "baseline": {
      "tp": 8,
      "tn": 40,
      "fp": 1,
      "fn": 11
    },
    "llm_only": {
      "tp": 13,
      "tn": 27,
      "fp": 14,
      "fn": 6
    },
    "fused": {
      "tp": 15,
      "tn": 38,
      "fp": 3,
      "fn": 4
    },
    "fused_with_acceptance": {
      "tp": 13,
      "tn": 39,
      "fp": 2,
      "fn": 6
    }
  },
  "llm_source_counts_test": {
    "ollama": 60
  },
  "operator_acceptance": {
    "confidence_threshold": 75,
    "sampled_acceptance_probability": 0.8612594928569951,
    "accepted_count": 20,
    "eligible_count": 23
  },
  "data_source": "synthetic",
  "output_tag": "ollama_synthetic"
}